<?xml version="1.0" encoding="UTF-8"?>
<project-private xmlns="http://www.netbeans.org/ns/project-private/1">
    <editor-bookmarks xmlns="http://www.netbeans.org/ns/editor-bookmarks/2" lastBookmarkId="0"/>
    <open-files xmlns="http://www.netbeans.org/ns/projectui-open-files/2">
        <group>
            <file>file:/C:/Users/seanf/Desktop/College/Year%202/Semester%202/Data%20Structures%20&amp;%20Algorithms/Assessment/Covid_Vaccine_Application-Data_Structures/CovidVaccineApp/src/covidvaccineapp/Patient.java</file>
            <file>file:/C:/Users/seanf/Desktop/College/Year%202/Semester%202/Data%20Structures%20&amp;%20Algorithms/Assessment/Covid_Vaccine_Application-Data_Structures/CovidVaccineApp/src/covidvaccineapp/PatientQueue.java</file>
            <file>file:/C:/Users/seanf/Desktop/College/Year%202/Semester%202/Data%20Structures%20&amp;%20Algorithms/Assessment/Covid_Vaccine_Application-Data_Structures/CovidVaccineApp/src/covidvaccineapp/CovidVaccineGUI.java</file>
            <file>file:/C:/Users/seanf/Desktop/College/Year%202/Semester%202/Data%20Structures%20&amp;%20Algorithms/Assessment/Covid_Vaccine_Application-Data_Structures/CovidVaccineApp/src/covidvaccineapp/PQElement.java</file>
            <file>file:/C:/Users/seanf/Desktop/College/Year%202/Semester%202/Data%20Structures%20&amp;%20Algorithms/Assessment/Covid_Vaccine_Application-Data_Structures/CovidVaccineApp/src/covidvaccineapp/PQInterface.java</file>
        </group>
    </open-files>
</project-private>
